// INSERTS

-- Tabla Clientes

INSERT INTO cliente VALUES (1, 'Juan Perez', TO_DATE('1990-05-15', 'YYYY-MM-DD'), 'Masculino', 'Bogotá', 160, 175, 0, 'N');
INSERT INTO cliente VALUES (2, 'Maria Rodriguez', TO_DATE('1985-08-22', 'YYYY-MM-DD'), 'Femenino', 'Medellín', 140, 160, 0.15, 'S');
INSERT INTO cliente VALUES (3, 'Carlos Gomez', TO_DATE('1993-02-10', 'YYYY-MM-DD'), 'Masculino', 'Cali', 180, 185, 0, 'N');
INSERT INTO cliente VALUES (4, 'Ana Fernandez', TO_DATE('1988-11-30', 'YYYY-MM-DD'), 'Femenino', 'Barranquilla', 120, 155, 0.2, 'S');
INSERT INTO cliente VALUES (5, 'Luis Hernandez', TO_DATE('1995-07-18', 'YYYY-MM-DD'), 'Masculino', 'Cartagena', 200, 190, 0, 'N');
INSERT INTO cliente VALUES (6, 'Laura Martinez', TO_DATE('1983-09-25', 'YYYY-MM-DD'), 'Femenino', 'Cúcuta', 130, 162, 0.12, 'S');
INSERT INTO cliente VALUES (7, 'Jorge Ramirez', TO_DATE('1991-04-05', 'YYYY-MM-DD'), 'Masculino', 'Ibagué', 170, 180, 0, 'N');
INSERT INTO cliente VALUES (8, 'Silvia Torres', TO_DATE('1987-12-12', 'YYYY-MM-DD'), 'Femenino', 'Santa Marta', 150, 165, 0.18, 'S');
INSERT INTO cliente VALUES (9, 'Miguel Lopez', TO_DATE('1994-06-08', 'YYYY-MM-DD'), 'Masculino', 'Bucaramanga', 190, 175, 0, 'N');
INSERT INTO cliente VALUES (10, 'Elena Sanchez', TO_DATE('1986-10-20', 'YYYY-MM-DD'), 'Femenino', 'Villavicencio', 110, 150, 0.22, 'S');
INSERT INTO cliente VALUES (11, 'Raul Garcia', TO_DATE('1992-01-14', 'YYYY-MM-DD'), 'Masculino', 'Bogotá', 155, 170, 0, 'N');
INSERT INTO cliente VALUES (12, 'Carmen Jimenez', TO_DATE('1984-07-28', 'YYYY-MM-DD'), 'Femenino', 'Medellín', 135, 158, 0.2, 'S');
INSERT INTO cliente VALUES (13, 'Francisco Vargas', TO_DATE('1997-03-03', 'YYYY-MM-DD'), 'Masculino', 'Cali', 175, 183, 0, 'N');
INSERT INTO cliente VALUES (14, 'Isabel Reyes', TO_DATE('1989-09-10', 'YYYY-MM-DD'), 'Femenino', 'Barranquilla', 125, 160, 0.15, 'S');
INSERT INTO cliente VALUES (15, 'Daniel Castro', TO_DATE('1996-11-22', 'YYYY-MM-DD'), 'Masculino', 'Cartagena', 165, 177, 0, 'N');
INSERT INTO cliente VALUES (16, 'Sara Ruiz', TO_DATE('1982-08-17', 'YYYY-MM-DD'), 'Femenino', 'Cúcuta', 145, 163, 0.12, 'S');
INSERT INTO cliente VALUES (17, 'Pablo Diaz', TO_DATE('1998-04-30', 'YYYY-MM-DD'), 'Masculino', 'Ibagué', 185, 188, 0, 'N');
INSERT INTO cliente VALUES (18, 'Beatriz Martin', TO_DATE('1990-12-08', 'YYYY-MM-DD'), 'Femenino', 'Santa Marta', 115, 155, 0.18, 'S');
INSERT INTO cliente VALUES (19, 'Alejandro Ruiz', TO_DATE('1986-02-18', 'YYYY-MM-DD'), 'Masculino', 'Bucaramanga', 195, 182, 0, 'N');
INSERT INTO cliente VALUES (20, 'Lorena Gonzalez', TO_DATE('1983-10-05', 'YYYY-MM-DD'), 'Femenino', 'Villavicencio', 135, 168, 0.22, 'S');
INSERT INTO cliente VALUES (21, 'Roberto Silva', TO_DATE('1993-06-12', 'YYYY-MM-DD'), 'Masculino', 'Bogotá', 165, 175, 0, 'N');
INSERT INTO cliente VALUES (22, 'Natalia Torres', TO_DATE('1987-02-28', 'YYYY-MM-DD'), 'Femenino', 'Medellín', 125, 160, 0.2, 'S');
INSERT INTO cliente VALUES (23, 'Victor Soto', TO_DATE('1995-09-09', 'YYYY-MM-DD'), 'Masculino', 'Cali', 180, 185, 0, 'N');
INSERT INTO cliente VALUES (24, 'Monica Herrera', TO_DATE('1989-03-15', 'YYYY-MM-DD'), 'Femenino', 'Barranquilla', 140, 162, 0.15, 'S');
INSERT INTO cliente VALUES (25, 'Eduardo Mendoza', TO_DATE('1994-01-23', 'YYYY-MM-DD'), 'Masculino', 'Cartagena', 160, 178, 0, 'N');
INSERT INTO cliente VALUES (26, 'Raquel Cabrera', TO_DATE('1985-07-01', 'YYYY-MM-DD'), 'Femenino', 'Cúcuta', 130, 157, 0.12, 'S');
INSERT INTO cliente VALUES (27, 'Fernando Paredes', TO_DATE('1992-11-10', 'YYYY-MM-DD'), 'Masculino', 'Ibagué', 170, 180, 0, 'N');
INSERT INTO cliente VALUES (28, 'Alicia Ortega', TO_DATE('1988-10-18', 'YYYY-MM-DD'), 'Femenino', 'Santa Marta', 150, 165, 0.18, 'S');
INSERT INTO cliente VALUES (29, 'Gustavo Medina', TO_DATE('1997-05-27', 'YYYY-MM-DD'), 'Masculino', 'Bucaramanga', 190, 175, 0, 'N');
INSERT INTO cliente VALUES (30, 'Marina Serrano', TO_DATE('1984-09-03', 'YYYY-MM-DD'), 'Femenino', 'Villavicencio', 110, 152, 0.22, 'S');
INSERT INTO cliente VALUES (31, 'Hector Velazquez', TO_DATE('1991-03-08', 'YYYY-MM-DD'), 'Masculino', 'Bogotá', 155, 170, 0, 'N');
INSERT INTO cliente VALUES (32, 'Ines Ramos', TO_DATE('1983-07-20', 'YYYY-MM-DD'), 'Femenino', 'Medellín', 135, 160, 0.2, 'S');
INSERT INTO cliente VALUES (33, 'Mario Mora', TO_DATE('1996-01-17', 'YYYY-MM-DD'), 'Masculino', 'Cali', 175, 183, 0, 'N');
INSERT INTO cliente VALUES (34, 'Eva Montes', TO_DATE('1989-05-22', 'YYYY-MM-DD'), 'Femenino', 'Barranquilla', 120, 158, 0.15, 'S');
INSERT INTO cliente VALUES (35, 'Adrian Castro', TO_DATE('1994-08-14', 'YYYY-MM-DD'), 'Masculino', 'Cartagena', 160, 175, 0, 'N');
INSERT INTO cliente VALUES (36, 'Clara Ruiz', TO_DATE('1986-12-30', 'YYYY-MM-DD'), 'Femenino', 'Cúcuta', 140, 162, 0.12, 'S');
INSERT INTO cliente VALUES (37, 'Josefa Mendoza', TO_DATE('1993-06-05', 'YYYY-MM-DD'), 'Masculino', 'Ibagué', 180, 185, 0, 'N');
INSERT INTO cliente VALUES (38, 'Alberto Soto', TO_DATE('1987-09-18', 'YYYY-MM-DD'), 'Femenino', 'Santa Marta', 130, 158, 0.18, 'S');
INSERT INTO cliente VALUES (39, 'Diana Torres', TO_DATE('1995-02-21', 'YYYY-MM-DD'), 'Masculino', 'Bucaramanga', 170, 180, 0, 'N');
INSERT INTO cliente VALUES (40, 'Ramon Perez', TO_DATE('1982-10-08', 'YYYY-MM-DD'), 'Femenino', 'Villavicencio', 150, 165, 0.22, 'S');

-- Tabla Rutina

INSERT INTO rutina VALUES (1, 1800, 'Rutina de Pecho y Espalda', TO_DATE('2023-01-01', 'YYYY-MM-DD'), 'Intermedia', 23);
INSERT INTO rutina VALUES (2, 1500, 'Rutina Full Cardio', TO_DATE('2023-02-01', 'YYYY-MM-DD'), 'Fácil', 8);
INSERT INTO rutina VALUES (3, 2400, 'Rutina de Bíceps y Tríceps', TO_DATE('2023-03-01', 'YYYY-MM-DD'), 'Difícil', 36);
INSERT INTO rutina VALUES (4, 1200, 'Rutina de Piernas Fuertes', TO_DATE('2023-04-01', 'YYYY-MM-DD'), 'Fácil', 15);
INSERT INTO rutina VALUES (5, 2000, 'Rutina de Yoga Matutina', TO_DATE('2023-05-01', 'YYYY-MM-DD'), 'Intermedia', 11);
INSERT INTO rutina VALUES (6, 1600, 'Rutina de Estiramiento', TO_DATE('2023-06-01', 'YYYY-MM-DD'), 'Fácil', 33);
INSERT INTO rutina VALUES (7, 1800, 'Rutina de Fuerza Central', TO_DATE('2023-07-01', 'YYYY-MM-DD'), 'Intermedia', 5);
INSERT INTO rutina VALUES (8, 1500, 'Rutina de Resistencia', TO_DATE('2023-08-01', 'YYYY-MM-DD'), 'Fácil', 17);
INSERT INTO rutina VALUES (9, 2000, 'Rutina de Agilidad', TO_DATE('2023-09-01', 'YYYY-MM-DD'), 'Intermedia', 29);
INSERT INTO rutina VALUES (10, 1200, 'Rutina de Equilibrio', TO_DATE('2023-10-01', 'YYYY-MM-DD'), 'Fácil', 2);
INSERT INTO rutina VALUES (11, 2400, 'Rutina de Potencia', TO_DATE('2023-11-01', 'YYYY-MM-DD'), 'Difícil', 22);
INSERT INTO rutina VALUES (12, 1350, 'Rutina de Flexibilidad', TO_DATE('2023-12-01', 'YYYY-MM-DD'), 'Fácil', 18);
INSERT INTO rutina VALUES (13, 1750, 'Rutina de Cardio Intenso', TO_DATE('2024-01-01', 'YYYY-MM-DD'), 'Intermedia', 40);
INSERT INTO rutina VALUES (14, 1250, 'Rutina de Tonificación', TO_DATE('2024-02-01', 'YYYY-MM-DD'), 'Fácil', 30);
INSERT INTO rutina VALUES (15, 1650, 'Rutina de Entrenamiento Funcional', TO_DATE('2024-03-01', 'YYYY-MM-DD'), 'Intermedia', 19);
INSERT INTO rutina VALUES (16, 1450, 'Rutina de Pilates', TO_DATE('2024-04-01', 'YYYY-MM-DD'), 'Fácil', 1);
INSERT INTO rutina VALUES (17, 1850, 'Rutina de Entrenamiento de Alta Intensidad', TO_DATE('2024-05-01', 'YYYY-MM-DD'), 'Intermedia', 28);
INSERT INTO rutina VALUES (18, 1150, 'Rutina de Entrenamiento de Fuerza', TO_DATE('2024-06-01', 'YYYY-MM-DD'), 'Fácil', 16);
INSERT INTO rutina VALUES (19, 1950, 'Rutina de Entrenamiento de Resistencia', TO_DATE('2024-07-01', 'YYYY-MM-DD'), 'Difícil', 35);
INSERT INTO rutina VALUES (20, 1350, 'Rutina de Entrenamiento de Velocidad', TO_DATE('2024-08-01', 'YYYY-MM-DD'), 'Fácil', 10);

-- Tabla Suscripción

INSERT INTO suscripcion VALUES (TO_DATE('2023-01-01', 'YYYY-MM-DD'), TO_DATE('2023-04-01', 'YYYY-MM-DD'), 50000, 1);
INSERT INTO suscripcion VALUES (TO_DATE('2023-02-01', 'YYYY-MM-DD'), TO_DATE('2023-05-01', 'YYYY-MM-DD'), 45000, 2);
INSERT INTO suscripcion VALUES (TO_DATE('2023-03-01', 'YYYY-MM-DD'), TO_DATE('2023-06-01', 'YYYY-MM-DD'), 55000, 3);
INSERT INTO suscripcion VALUES (TO_DATE('2023-04-01', 'YYYY-MM-DD'), TO_DATE('2023-07-01', 'YYYY-MM-DD'), 40000, 4);
INSERT INTO suscripcion VALUES (TO_DATE('2023-05-01', 'YYYY-MM-DD'), TO_DATE('2023-08-01', 'YYYY-MM-DD'), 60000, 5);
INSERT INTO suscripcion VALUES (TO_DATE('2023-06-01', 'YYYY-MM-DD'), TO_DATE('2023-09-01', 'YYYY-MM-DD'), 42000, 6);
INSERT INTO suscripcion VALUES (TO_DATE('2023-07-01', 'YYYY-MM-DD'), TO_DATE('2023-10-01', 'YYYY-MM-DD'), 55000, 7);
INSERT INTO suscripcion VALUES (TO_DATE('2023-08-01', 'YYYY-MM-DD'), TO_DATE('2023-11-01', 'YYYY-MM-DD'), 48000, 8);
INSERT INTO suscripcion VALUES (TO_DATE('2023-09-01', 'YYYY-MM-DD'), TO_DATE('2023-12-01', 'YYYY-MM-DD'), 58000, 9);
INSERT INTO suscripcion VALUES (TO_DATE('2023-10-01', 'YYYY-MM-DD'), TO_DATE('2023-01-01', 'YYYY-MM-DD'), 38000, 10);
INSERT INTO suscripcion VALUES (TO_DATE('2023-11-01', 'YYYY-MM-DD'), TO_DATE('2023-02-01', 'YYYY-MM-DD'), 50000, 11);
INSERT INTO suscripcion VALUES (TO_DATE('2023-12-01', 'YYYY-MM-DD'), TO_DATE('2023-03-01', 'YYYY-MM-DD'), 44000, 12);
INSERT INTO suscripcion VALUES (TO_DATE('2024-01-01', 'YYYY-MM-DD'), TO_DATE('2024-04-01', 'YYYY-MM-DD'), 60000, 13);
INSERT INTO suscripcion VALUES (TO_DATE('2024-02-01', 'YYYY-MM-DD'), TO_DATE('2024-05-01', 'YYYY-MM-DD'), 42000, 14);
INSERT INTO suscripcion VALUES (TO_DATE('2024-03-01', 'YYYY-MM-DD'), TO_DATE('2024-06-01', 'YYYY-MM-DD'), 52000, 15);
INSERT INTO suscripcion VALUES (TO_DATE('2024-04-01', 'YYYY-MM-DD'), TO_DATE('2024-07-01', 'YYYY-MM-DD'), 47000, 16);
INSERT INTO suscripcion VALUES (TO_DATE('2024-05-01', 'YYYY-MM-DD'), TO_DATE('2024-08-01', 'YYYY-MM-DD'), 62000, 17);
INSERT INTO suscripcion VALUES (TO_DATE('2024-06-01', 'YYYY-MM-DD'), TO_DATE('2024-09-01', 'YYYY-MM-DD'), 40000, 18);
INSERT INTO suscripcion VALUES (TO_DATE('2024-07-01', 'YYYY-MM-DD'), TO_DATE('2024-10-01', 'YYYY-MM-DD'), 54000, 19);
INSERT INTO suscripcion VALUES (TO_DATE('2024-08-01', 'YYYY-MM-DD'), TO_DATE('2024-11-01', 'YYYY-MM-DD'), 36000, 20);
INSERT INTO suscripcion VALUES (TO_DATE('2024-09-01', 'YYYY-MM-DD'), TO_DATE('2024-12-01', 'YYYY-MM-DD'), 50000, 21);
INSERT INTO suscripcion VALUES (TO_DATE('2024-10-01', 'YYYY-MM-DD'), TO_DATE('2024-01-01', 'YYYY-MM-DD'), 45000, 22);
INSERT INTO suscripcion VALUES (TO_DATE('2024-11-01', 'YYYY-MM-DD'), TO_DATE('2025-02-01', 'YYYY-MM-DD'), 56000, 23);
INSERT INTO suscripcion VALUES (TO_DATE('2024-12-01', 'YYYY-MM-DD'), TO_DATE('2025-03-01', 'YYYY-MM-DD'), 41000, 24);
INSERT INTO suscripcion VALUES (TO_DATE('2025-01-01', 'YYYY-MM-DD'), TO_DATE('2025-04-01', 'YYYY-MM-DD'), 58000, 25);
INSERT INTO suscripcion VALUES (TO_DATE('2025-02-01', 'YYYY-MM-DD'), TO_DATE('2025-05-01', 'YYYY-MM-DD'), 43000, 26);
INSERT INTO suscripcion VALUES (TO_DATE('2025-03-01', 'YYYY-MM-DD'), TO_DATE('2025-06-01', 'YYYY-MM-DD'), 52000, 27);
INSERT INTO suscripcion VALUES (TO_DATE('2025-04-01', 'YYYY-MM-DD'), TO_DATE('2025-07-01', 'YYYY-MM-DD'), 46000, 28);
INSERT INTO suscripcion VALUES (TO_DATE('2025-05-01', 'YYYY-MM-DD'), TO_DATE('2025-08-01', 'YYYY-MM-DD'), 60000, 29);
INSERT INTO suscripcion VALUES (TO_DATE('2025-06-01', 'YYYY-MM-DD'), TO_DATE('2025-09-01', 'YYYY-MM-DD'), 39000, 30);
INSERT INTO suscripcion VALUES (TO_DATE('2025-07-01', 'YYYY-MM-DD'), TO_DATE('2025-10-01', 'YYYY-MM-DD'), 53000, 31);
INSERT INTO suscripcion VALUES (TO_DATE('2025-08-01', 'YYYY-MM-DD'), TO_DATE('2025-11-01', 'YYYY-MM-DD'), 44000, 32);
INSERT INTO suscripcion VALUES (TO_DATE('2025-09-01', 'YYYY-MM-DD'), TO_DATE('2025-12-01', 'YYYY-MM-DD'), 55000, 33);
INSERT INTO suscripcion VALUES (TO_DATE('2025-10-01', 'YYYY-MM-DD'), TO_DATE('2025-01-01', 'YYYY-MM-DD'), 37000, 34);
INSERT INTO suscripcion VALUES (TO_DATE('2025-11-01', 'YYYY-MM-DD'), TO_DATE('2025-02-01', 'YYYY-MM-DD'), 51000, 35);
INSERT INTO suscripcion VALUES (TO_DATE('2025-12-01', 'YYYY-MM-DD'), TO_DATE('2025-03-01', 'YYYY-MM-DD'), 45000, 36);
INSERT INTO suscripcion VALUES (TO_DATE('2026-01-01', 'YYYY-MM-DD'), TO_DATE('2026-04-01', 'YYYY-MM-DD'), 57000, 37);
INSERT INTO suscripcion VALUES (TO_DATE('2026-02-01', 'YYYY-MM-DD'), TO_DATE('2026-05-01', 'YYYY-MM-DD'), 42000, 38);
INSERT INTO suscripcion VALUES (TO_DATE('2026-03-01', 'YYYY-MM-DD'), TO_DATE('2026-06-01', 'YYYY-MM-DD'), 54000, 39);
INSERT INTO suscripcion VALUES (TO_DATE('2026-04-01', 'YYYY-MM-DD'), TO_DATE('2026-07-01', 'YYYY-MM-DD'), 48000, 40);

-- Tabla Grupo Muscular

INSERT INTO grupo_muscular VALUES (1, 'Pectorales');
INSERT INTO grupo_muscular VALUES (2, 'Deltoides');
INSERT INTO grupo_muscular VALUES (3, 'Trapecios');
INSERT INTO grupo_muscular VALUES (4, 'Bíceps');
INSERT INTO grupo_muscular VALUES (5, 'Tríceps');
INSERT INTO grupo_muscular VALUES (6, 'Abdominales');
INSERT INTO grupo_muscular VALUES (7, 'Oblicuos');
INSERT INTO grupo_muscular VALUES (8, 'Erectores de la columna');
INSERT INTO grupo_muscular VALUES (9, 'Cuádriceps');
INSERT INTO grupo_muscular VALUES (10, 'Isquiotibiales');
INSERT INTO grupo_muscular VALUES (11, 'Gastrocnemios');
INSERT INTO grupo_muscular VALUES (12, 'Dorsales');
INSERT INTO grupo_muscular VALUES (13, 'Lumbares');
INSERT INTO grupo_muscular VALUES (14, 'Glúteos');
INSERT INTO grupo_muscular VALUES (15, 'Aductores');
INSERT INTO grupo_muscular VALUES (16, 'Abductores');
INSERT INTO grupo_muscular VALUES (17, 'Flexores de la cadera');
INSERT INTO grupo_muscular VALUES (18, 'Extensores de la cadera');

-- Tabla Ejercicio

INSERT INTO ejercicio VALUES (1, 'Rutina de Abdominales en 10 Minutos', 'Consigue un abdomen tonificado con esta rápida rutina de abdominales.', 'http://tutorial26.com', 'http://imagen26.com');
INSERT INTO ejercicio VALUES (2, 'Escalada en Rocas', 'Combina la aventura y el ejercicio con una sesión de escalada en rocas.', 'http://tutorial27.com', 'http://imagen27.com');
INSERT INTO ejercicio VALUES (3, 'Clase de Ballet Fitness', 'Mejora tu flexibilidad y fuerza con movimientos inspirados en el ballet.', 'http://tutorial28.com', 'http://imagen28.com');
INSERT INTO ejercicio VALUES (4, 'Carrera de Obstáculos', 'Desafía tu resistencia y agilidad con una carrera de obstáculos.', 'http://tutorial29.com', 'http://imagen29.com');
INSERT INTO ejercicio VALUES (5, 'Estiramientos de Yoga para Relajación', 'Libera el estrés y mejora la flexibilidad con esta sesión de yoga relajante.', 'http://tutorial30.com', 'http://imagen30.com');
INSERT INTO ejercicio VALUES (6, 'Entrenamiento con Kettlebells', 'Desarrolla fuerza y resistencia con el uso versátil de las kettlebells.', 'http://tutorial31.com', 'http://imagen31.com');
INSERT INTO ejercicio VALUES (7, 'Caminata en Naturaleza', 'Mejora tu bienestar con una caminata en la naturaleza y disfruta del ejercicio al aire libre.', 'http://tutorial32.com', 'http://imagen32.com');
INSERT INTO ejercicio VALUES (8, 'Rutina de Flexiones de Pecho', 'Construye fuerza en el pecho con esta rutina efectiva de flexiones.', 'http://tutorial33.com', 'http://imagen33.com');
INSERT INTO ejercicio VALUES (9, 'Clase de Danza Cardio', 'Quema calorías y mejora tu coordinación con una animada clase de danza cardio.', 'http://tutorial34.com', 'http://imagen34.com');
INSERT INTO ejercicio VALUES (10, 'Rutina de Espalda Ancha', 'Desarrolla una espalda ancha y fuerte con esta rutina enfocada en la espalda.', 'http://tutorial35.com', 'http://imagen35.com');
INSERT INTO ejercicio VALUES (11, 'Yoga Acuático', 'Combina los beneficios del yoga con la relajación del agua en una sesión de yoga acuático.', 'http://tutorial36.com', 'http://imagen36.com');
INSERT INTO ejercicio VALUES (12, 'Rutina de Piernas Explosivas', 'Fortalece tus piernas con esta rutina que incluye saltos y movimientos explosivos.', 'http://tutorial37.com', 'http://imagen37.com');
INSERT INTO ejercicio VALUES (13, 'Ejercicio de Pelota Medicinal', 'Mejora tu fuerza y coordinación con ejercicios utilizando una pelota medicinal.', 'http://tutorial38.com', 'http://imagen38.com');
INSERT INTO ejercicio VALUES (14, 'Clase de Body Pump', 'Tonifica todo tu cuerpo con una clase de body pump que utiliza pesas.', 'http://tutorial39.com', 'http://imagen39.com');
INSERT INTO ejercicio VALUES (15, 'Elevaciones de Gemelos en Escalones', 'Trabaja tus pantorrillas con elevaciones de gemelos en escalones para un desarrollo completo.', 'http://tutorial40.com', 'http://imagen40.com');
INSERT INTO ejercicio VALUES (16, 'Circuito de Cuerda de Batalla', 'Desarrolla fuerza y resistencia con un intenso circuito de cuerda de batalla.', 'http://tutorial41.com', 'http://imagen41.com');
INSERT INTO ejercicio VALUES (17, 'Rutina de Flexiones de Tríceps', 'Enfócate en tus tríceps con esta rutina específica de flexiones.', 'http://tutorial42.com', 'http://imagen42.com');
INSERT INTO ejercicio VALUES (18, 'Clase de Aqua Zumba', 'Diviértete y quema calorías con una clase de zumba en el agua.', 'http://tutorial43.com', 'http://imagen43.com');
INSERT INTO ejercicio VALUES (19, 'Ejercicio de Tabla Lateral', 'Fortalece tus oblicuos con este desafiante ejercicio de tabla lateral.', 'http://tutorial44.com', 'http://imagen44.com');
INSERT INTO ejercicio VALUES (20, 'Rutina de Press Militar', 'Desarrolla hombros fuertes y bien definidos con una rutina de press militar.', 'http://tutorial45.com', 'http://imagen45.com');
INSERT INTO ejercicio VALUES (21, 'Clase de Flexibilidad y Equilibrio', 'Mejora tu flexibilidad y equilibrio con esta clase especializada.', 'http://tutorial46.com', 'http://imagen46.com');
INSERT INTO ejercicio VALUES (22, 'Ejercicio de Fondos en Paralelas', 'Trabaja tus tríceps y pecho con fondos en paralelas para un torso fuerte.', 'http://tutorial47.com', 'http://imagen47.com');
INSERT INTO ejercicio VALUES (23, 'Clase de CrossFit', 'Experimenta la intensidad y variedad del CrossFit en esta clase dinámica.', 'http://tutorial48.com', 'http://imagen48.com');
INSERT INTO ejercicio VALUES (24, 'Ejercicio de Rodilla al Pecho', 'Fortalece tu núcleo y quema calorías con este ejercicio dinámico.', 'http://tutorial49.com', 'http://imagen49.com');
INSERT INTO ejercicio VALUES (25, 'Rutina de Tracción en Barra', 'Desarrolla una espalda fuerte con esta rutina centrada en ejercicios de tracción.', 'http://tutorial50.com', 'http://imagen50.com');

-- Tabla Ejercicio por Grupo

INSERT INTO ejercicio_por_grupo VALUES (1, 6);
INSERT INTO ejercicio_por_grupo VALUES (2, 12);
INSERT INTO ejercicio_por_grupo VALUES (3, 16);
INSERT INTO ejercicio_por_grupo VALUES (4, 1);
INSERT INTO ejercicio_por_grupo VALUES (5, 6);
INSERT INTO ejercicio_por_grupo VALUES (6, 4);
INSERT INTO ejercicio_por_grupo VALUES (7, 14);
INSERT INTO ejercicio_por_grupo VALUES (8, 1);
INSERT INTO ejercicio_por_grupo VALUES (9, 8);
INSERT INTO ejercicio_por_grupo VALUES (10, 12);
INSERT INTO ejercicio_por_grupo VALUES (11, 6);
INSERT INTO ejercicio_por_grupo VALUES (12, 9);
INSERT INTO ejercicio_por_grupo VALUES (13, 8);
INSERT INTO ejercicio_por_grupo VALUES (14, 14);
INSERT INTO ejercicio_por_grupo VALUES (15, 11);
INSERT INTO ejercicio_por_grupo VALUES (16, 3);
INSERT INTO ejercicio_por_grupo VALUES (17, 5);
INSERT INTO ejercicio_por_grupo VALUES (18, 14);
INSERT INTO ejercicio_por_grupo VALUES (19, 7);
INSERT INTO ejercicio_por_grupo VALUES (20, 2);
INSERT INTO ejercicio_por_grupo VALUES (21, 6);
INSERT INTO ejercicio_por_grupo VALUES (22, 5);
INSERT INTO ejercicio_por_grupo VALUES (23, 1);
INSERT INTO ejercicio_por_grupo VALUES (24, 6);
INSERT INTO ejercicio_por_grupo VALUES (25, 12);

-- Tabla Articulo Extra

INSERT INTO articulo_extra VALUES (1, 'Proteína en Polvo', 29.99, 'imagen_proteina.jpg', 'Optimum Nutrition', 50);
INSERT INTO articulo_extra VALUES (2, 'Banda de Resistencia', 12.99, 'imagen_banda_resistencia.jpg', 'Fit Simplify', 100);
INSERT INTO articulo_extra VALUES (3, 'Cuerda para Saltar', 9.99, 'imagen_cuerda_saltar.jpg', 'Rogue Fitness', 75);
INSERT INTO articulo_extra VALUES (4, 'Guantes de Levantamiento', 19.99, 'imagen_guantes_levantamiento.jpg', 'Harbinger', 30);
INSERT INTO articulo_extra VALUES (5, 'BCAA en Tabletas', 24.99, 'imagen_bcaa_tabletas.jpg', 'MusclePharm', 60);
INSERT INTO articulo_extra VALUES (6, 'Rodillo de Espuma', 15.99, 'imagen_rodillo_espuma.jpg', 'TriggerPoint', 40);
INSERT INTO articulo_extra VALUES (7, 'Botella de Agua Deportiva', 7.99, 'imagen_botella_agua.jpg', 'Hydro Flask', 90);
INSERT INTO articulo_extra VALUES (8, 'Cinturón de Levantamiento', 29.99, 'imagen_cinturon_levantamiento.jpg', 'Dark Iron Fitness', 25);
INSERT INTO articulo_extra VALUES (9, 'Barra de Proteína', 2.99, 'imagen_barra_proteina.jpg', 'Quest Nutrition', 80);
INSERT INTO articulo_extra VALUES (10, 'Calcetines Deportivos', 8.99, 'imagen_calcetines_deportivos.jpg', 'Nike', 120);
INSERT INTO articulo_extra VALUES (11, 'Mancuernas Ajustables', 69.99, 'imagen_mancuernas_ajustables.jpg', 'Bowflex', 20);
INSERT INTO articulo_extra VALUES (12, 'Rueda Abdominal', 14.99, 'imagen_rueda_abdominal.jpg', 'Perfect Fitness', 35);
INSERT INTO articulo_extra VALUES (13, 'Suplemento de Creatina', 17.99, 'imagen_creatina.jpg', 'Cellucor', 55);
INSERT INTO articulo_extra VALUES (14, 'Gel de Energía', 1.99, 'imagen_gel_energia.jpg', 'GU Energy', 70);
INSERT INTO articulo_extra VALUES (15, 'Reloj Deportivo', 49.99, 'imagen_reloj_deportivo.jpg', 'Garmin', 15);
INSERT INTO articulo_extra VALUES (16, 'Pesa Rusa', 32.99, 'imagen_pesa_rusa.jpg', 'CAP Barbell', 28);
INSERT INTO articulo_extra VALUES (17, 'Toalla Deportiva', 5.99, 'imagen_toalla_deportiva.jpg', 'Under Armour', 85);
INSERT INTO articulo_extra VALUES (18, 'Cinta Kinesiológica', 11.99, 'imagen_cinta_kinesiologica.jpg', 'RockTape', 50);
INSERT INTO articulo_extra VALUES (19, 'Gorro Deportivo', 9.99, 'imagen_gorro_deportivo.jpg', 'Adidas', 65);
INSERT INTO articulo_extra VALUES (20, 'Máscara de Entrenamiento', 19.99, 'imagen_mascara_entrenamiento.jpg', 'TrainingMask', 40);

-- Tabla Suplemento

INSERT INTO suplemento VALUES (30, 1);
INSERT INTO suplemento VALUES (10, 5);
INSERT INTO suplemento VALUES (20, 9);
INSERT INTO suplemento VALUES (5, 13);
INSERT INTO suplemento VALUES (25, 14);

-- Tabla Accesorio Deportivo

INSERT INTO accesorio_deportivo VALUES ('Ajustable', 2);
INSERT INTO accesorio_deportivo VALUES ('Standard', 3);
INSERT INTO accesorio_deportivo VALUES ('M', 4);
INSERT INTO accesorio_deportivo VALUES (Null, 6);
INSERT INTO accesorio_deportivo VALUES ('750 ml', 7);
INSERT INTO accesorio_deportivo VALUES ('L', 8);
INSERT INTO accesorio_deportivo VALUES ('M', 10);
INSERT INTO accesorio_deportivo VALUES ('Ajustable', 11);
INSERT INTO accesorio_deportivo VALUES (Null, 12);
INSERT INTO accesorio_deportivo VALUES (Null, 15);
INSERT INTO accesorio_deportivo VALUES ('16 kg', 16);
INSERT INTO accesorio_deportivo VALUES ('Standard', 17);
INSERT INTO accesorio_deportivo VALUES ('5 cm x 5 m', 18);
INSERT INTO accesorio_deportivo VALUES ('Adjustable', 19);
INSERT INTO accesorio_deportivo VALUES ('Ajustable', 20);

-- Tabla Compras

INSERT INTO compras VALUES (1, 3, 25, 2);
INSERT INTO compras VALUES (2, 1, 11, 5);
INSERT INTO compras VALUES (3, 2, 8, 10);
INSERT INTO compras VALUES (4, 1, 37, 14);
INSERT INTO compras VALUES (5, 4, 2, 16);
INSERT INTO compras VALUES (6, 2, 16, 18);
INSERT INTO compras VALUES (7, 3, 40, 1);
INSERT INTO compras VALUES (8, 1, 9, 3);
INSERT INTO compras VALUES (9, 2, 7, 6);
INSERT INTO compras VALUES (10, 1, 18, 8);
INSERT INTO compras VALUES (11, 4, 12, 11);
INSERT INTO compras VALUES (12, 2, 34, 13);
INSERT INTO compras VALUES (13, 3, 30, 15);
INSERT INTO compras VALUES (14, 1, 26, 17);
INSERT INTO compras VALUES (15, 2, 24, 19);
INSERT INTO compras VALUES (16, 1, 5, 20);
INSERT INTO compras VALUES (17, 3, 31, 4);
INSERT INTO compras VALUES (18, 1, 33, 7);
INSERT INTO compras VALUES (19, 2, 22, 9);
INSERT INTO compras VALUES (20, 1, 32, 12);
INSERT INTO compras VALUES (21, 4, 27, 2);
INSERT INTO compras VALUES (22, 2, 36, 5);
INSERT INTO compras VALUES (23, 3, 14, 10);
INSERT INTO compras VALUES (24, 1, 38, 14);
INSERT INTO compras VALUES (25, 4, 28, 16);
INSERT INTO compras VALUES (26, 2, 35, 18);
INSERT INTO compras VALUES (27, 3, 21, 1);
INSERT INTO compras VALUES (28, 1, 29, 3);
INSERT INTO compras VALUES (29, 2, 19, 6);
INSERT INTO compras VALUES (30, 1, 10, 8);

-- Tabla Registro Ejercicio

INSERT INTO registro_ejercicio VALUES (1, 17);
INSERT INTO registro_ejercicio VALUES (2, 20);
INSERT INTO registro_ejercicio VALUES (3, 7);
INSERT INTO registro_ejercicio VALUES (4, 12);
INSERT INTO registro_ejercicio VALUES (5, 14);
INSERT INTO registro_ejercicio VALUES (6, 2);
INSERT INTO registro_ejercicio VALUES (7, 16);
INSERT INTO registro_ejercicio VALUES (8, 11);
INSERT INTO registro_ejercicio VALUES (9, 6);
INSERT INTO registro_ejercicio VALUES (10, 21);
INSERT INTO registro_ejercicio VALUES (11, 4);
INSERT INTO registro_ejercicio VALUES (12, 23);
INSERT INTO registro_ejercicio VALUES (13, 15);
INSERT INTO registro_ejercicio VALUES (14, 9);
INSERT INTO registro_ejercicio VALUES (15, 25);
INSERT INTO registro_ejercicio VALUES (16, 1);
INSERT INTO registro_ejercicio VALUES (17, 22);
INSERT INTO registro_ejercicio VALUES (18, 3);
INSERT INTO registro_ejercicio VALUES (19, 19);
INSERT INTO registro_ejercicio VALUES (20, 8);

-- Tabla Ejercicio Cardio

INSERT INTO ejercicio_cardio VALUES (1, 600, 400, 2);
INSERT INTO ejercicio_cardio VALUES (2, 900, 600, 18);
INSERT INTO ejercicio_cardio VALUES (3, 480, 350, 5);
INSERT INTO ejercicio_cardio VALUES (4, 720, 500, 4);
INSERT INTO ejercicio_cardio VALUES (5, 540, 450, 11);
INSERT INTO ejercicio_cardio VALUES (6, 660, 480, 18);
INSERT INTO ejercicio_cardio VALUES (7, 600, 420, 9);
INSERT INTO ejercicio_cardio VALUES (8, 780, 550, 24);
INSERT INTO ejercicio_cardio VALUES (9, 540, 400, 7);
INSERT INTO ejercicio_cardio VALUES (10, 720, 480, 11);

-- Tabla Ejercicio Pesas

INSERT INTO ejercicio_pesas VALUES (1, 20, 12, 8);
INSERT INTO ejercicio_pesas VALUES (2, 35, 10, 6);
INSERT INTO ejercicio_pesas VALUES (3, 25, 15, 10);
INSERT INTO ejercicio_pesas VALUES (4, 30, 8, 22);
INSERT INTO ejercicio_pesas VALUES (5, 40, 10, 10);
INSERT INTO ejercicio_pesas VALUES (6, 15, 20, 25);
INSERT INTO ejercicio_pesas VALUES (7, 30, 12, 6);
INSERT INTO ejercicio_pesas VALUES (8, 25, 15, 17);
INSERT INTO ejercicio_pesas VALUES (9, 20, 10, 20);
INSERT INTO ejercicio_pesas VALUES (10, 35, 8, 25);

-- Tabla Historial Ejercicios

INSERT INTO historial_ejercicios VALUES (TO_DATE('2023-01-10', 'YYYY-MM-DD'), 'N', 13, 2, 18);
INSERT INTO historial_ejercicios VALUES (TO_DATE('2023-02-15', 'YYYY-MM-DD'), 'S', 5, 11, 17);
INSERT INTO historial_ejercicios VALUES (TO_DATE('2023-03-20', 'YYYY-MM-DD'), 'N', 8, 14, 25);
INSERT INTO historial_ejercicios VALUES (TO_DATE('2023-04-25', 'YYYY-MM-DD'), 'S', 11, 8, 32);
INSERT INTO historial_ejercicios VALUES (TO_DATE('2023-05-30', 'YYYY-MM-DD'), 'N', 16, 5, 5);
INSERT INTO historial_ejercicios VALUES (TO_DATE('2023-06-05', 'YYYY-MM-DD'), 'S', 19, 12, 27);
INSERT INTO historial_ejercicios VALUES (TO_DATE('2023-07-10', 'YYYY-MM-DD'), 'N', 7, 6, 14);
INSERT INTO historial_ejercicios VALUES (TO_DATE('2023-08-15', 'YYYY-MM-DD'), 'S', 17, 7, 20);
INSERT INTO historial_ejercicios VALUES (TO_DATE('2023-09-20', 'YYYY-MM-DD'), 'N', 2, 10, 38);
INSERT INTO historial_ejercicios VALUES (TO_DATE('2023-10-25', 'YYYY-MM-DD'), 'S', 12, 15, 13);
INSERT INTO historial_ejercicios VALUES (TO_DATE('2023-11-30', 'YYYY-MM-DD'), 'N', 15, 3, 36);
INSERT INTO historial_ejercicios VALUES (TO_DATE('2023-12-05', 'YYYY-MM-DD'), 'S', 3, 13, 10);
INSERT INTO historial_ejercicios VALUES (TO_DATE('2024-01-10', 'YYYY-MM-DD'), 'N', 9, 16, 7);
INSERT INTO historial_ejercicios VALUES (TO_DATE('2024-02-15', 'YYYY-MM-DD'), 'S', 20, 9, 26);
INSERT INTO historial_ejercicios VALUES (TO_DATE('2024-03-20', 'YYYY-MM-DD'), 'N', 10, 4, 23);
INSERT INTO historial_ejercicios VALUES (TO_DATE('2024-04-25', 'YYYY-MM-DD'), 'S', 8, 19, 35);
INSERT INTO historial_ejercicios VALUES (TO_DATE('2024-05-30', 'YYYY-MM-DD'), 'N', 6, 18, 31);
INSERT INTO historial_ejercicios VALUES (TO_DATE('2024-06-05', 'YYYY-MM-DD'), 'S', 1, 17, 39);
INSERT INTO historial_ejercicios VALUES (TO_DATE('2024-07-10', 'YYYY-MM-DD'), 'N', 18, 20, 16);
INSERT INTO historial_ejercicios VALUES (TO_DATE('2024-08-15', 'YYYY-MM-DD'), 'S', 14, 1, 2);
